Car_ID,Car_Model,Car_Type,Availability,Price_Per_Day
F69D77BE,Ford Mustang,Hatchback,Available,117.2
BE5DEC2A,Honda Civic,Sedan,Rented,51.94
4AC787A5,Chevrolet Tahoe,Sedan,Rented,104.6
56CA214D,Honda Civic,Convertible,Rented,152.46
BF9C4CA1,Chevrolet Tahoe,Hatchback,Available,169.1
2D2BE58B,Ford Mustang,Sedan,Available,83.32
97E0A101,BMW X5,Convertible,Available,44.77
E59DB107,Toyota Corolla,SUV,Available,152.72
AAA624FF,Ford Mustang,SUV,Available,121.8
CE36119C,Toyota Corolla,Sedan,Available,164.43
46158DB0,Ford Mustang,Convertible,Available,162.63
6794B4C1,BMW X5,Pickup Truck,Rented,48.76
89A4461B,Chevrolet Tahoe,Hatchback,Available,117.11
390CB22F,Toyota Corolla,SUV,Rented,39.37
EF578B95,Chevrolet Tahoe,Convertible,Rented,157.82
DA7FA8DF,Chevrolet Tahoe,Hatchback,Rented,40.37
1261C383,BMW X5,Hatchback,Available,139.75
8E01EC22,Toyota Corolla,Convertible,Rented,194.79
15FCE4F3,Ford Mustang,Pickup Truck,Rented,31.31
93191876,Ford Mustang,Pickup Truck,Available,160.08
315BAF7D,Ford Mustang,Hatchback,Available,93.68
EB629BDE,Toyota Corolla,Sedan,Rented,95.64
EFBB7D96,Honda Civic,Sedan,Rented,101.48
63D264B3,Honda Civic,Pickup Truck,Available,191.91
3859BD6E,Ford Mustang,Pickup Truck,Rented,115.22
32B47775,BMW X5,Hatchback,Available,75.58
A618D618,Honda Civic,Sedan,Available,163.98
F5AE82B5,Toyota Corolla,SUV,Rented,43.43
192D8FA9,Ford Mustang,Pickup Truck,Available,133.68
06574793,Honda Civic,Sedan,Available,87.11
54532832,Ford Mustang,Sedan,Available,107.21
CDF8CADD,BMW X5,Sedan,Rented,191.97
21D984DE,Toyota Corolla,Hatchback,Rented,155.59
227683E8,BMW X5,Pickup Truck,Available,100.27
089C817C,Ford Mustang,Hatchback,Rented,80.96
B95F6F5F,Honda Civic,SUV,Rented,78.08
DA33AA9C,Honda Civic,Hatchback,Rented,127.4
04310B22,Honda Civic,SUV,Available,174.51
2B09E96D,BMW X5,Pickup Truck,Rented,139.29
50E28944,Honda Civic,Convertible,Available,106.82
F1033E55,BMW X5,SUV,Rented,54.6
C5B52A1E,Honda Civic,SUV,Available,165.92
248EDEBC,Toyota Corolla,Convertible,Rented,115.37
CF824DC5,BMW X5,Pickup Truck,Available,57.01
EAB9D726,Chevrolet Tahoe,SUV,Rented,179.39
AEC7A5FC,BMW X5,Sedan,Available,183.88
B9D6E1ED,Toyota Corolla,Pickup Truck,Available,85.1
85D71EB6,Ford Mustang,Hatchback,Available,61.58
60310078,Ford Mustang,Sedan,Rented,190.99
05D19AFF,BMW X5,Convertible,Available,134.02
A51FB6E9,Ford Mustang,Sedan,Rented,140.25
26ECCF20,Ford Mustang,Hatchback,Available,73.33
E62A81D2,Chevrolet Tahoe,Convertible,Available,57.24
77497D5B,Toyota Corolla,Hatchback,Available,163.11
8A97A271,BMW X5,Sedan,Available,57.76
EAB6955F,Honda Civic,Sedan,Rented,153.06
5601B968,Ford Mustang,Hatchback,Rented,182.69
DB6C9B7A,Ford Mustang,Pickup Truck,Available,181.99
434EBB21,Honda Civic,SUV,Available,140.82
3642B1BE,Ford Mustang,Hatchback,Rented,161.77
AC963BC4,Toyota Corolla,Hatchback,Rented,185.26
FE4E844D,Toyota Corolla,Sedan,Available,122.61
5171E930,BMW X5,SUV,Rented,105.11
051D9E21,Honda Civic,Convertible,Rented,194.47
2BE004EF,Toyota Corolla,Sedan,Available,195.05
0E367580,Chevrolet Tahoe,Convertible,Rented,159.98
DB3762FB,Chevrolet Tahoe,Convertible,Available,194.12
8F71D8AE,Toyota Corolla,Convertible,Available,45.75
F6C3DDA9,Honda Civic,Sedan,Available,42.48
1966931A,BMW X5,Convertible,Available,160.75
D4A00F32,BMW X5,Pickup Truck,Rented,139.6
C4C7BAAF,Chevrolet Tahoe,Sedan,Rented,179.36
B0CB47BF,Honda Civic,Pickup Truck,Available,96.87
39F736A7,Toyota Corolla,Hatchback,Available,160.84
7898C75E,Chevrolet Tahoe,Sedan,Rented,45.02
0F641F60,Toyota Corolla,Pickup Truck,Rented,181.71
D6338258,Honda Civic,Pickup Truck,Rented,75.67
454067CD,Toyota Corolla,Hatchback,Rented,94.45
58BD6A29,Honda Civic,Hatchback,Rented,53.06
C77EF7EC,Chevrolet Tahoe,Hatchback,Rented,195.53
34666912,Chevrolet Tahoe,Sedan,Available,153.08
E414B997,Chevrolet Tahoe,Hatchback,Rented,109.13
ED8AD2D1,Chevrolet Tahoe,Hatchback,Rented,192.72
84511E11,Toyota Corolla,Convertible,Rented,137.54
0EC14A80,Ford Mustang,Sedan,Rented,50.83
932BA65B,Chevrolet Tahoe,Convertible,Rented,176.58
0EE0DFDF,Honda Civic,Convertible,Available,110.36
8960B9B9,Chevrolet Tahoe,SUV,Rented,185.83
C90B89A1,BMW X5,Hatchback,Available,49.82
56F67A35,Ford Mustang,SUV,Available,150.76
72D5D8CE,Ford Mustang,SUV,Available,134.9
71E932A4,Chevrolet Tahoe,Convertible,Rented,43.9
F84450CA,Ford Mustang,Sedan,Rented,151.59
A0A5EE41,Ford Mustang,Sedan,Available,180.08
59D0E043,Toyota Corolla,Pickup Truck,Rented,99.35
58E73B33,BMW X5,Convertible,Rented,131.13
A395880E,Honda Civic,Sedan,Available,175.26
AA2226DC,Chevrolet Tahoe,Hatchback,Rented,134.81
99FEBF4C,Honda Civic,SUV,Rented,145.97
B89A46D1,Chevrolet Tahoe,Hatchback,Rented,156.61
