Customer_ID,Customer_Name,Phone,Email,Address
1828,Paula Ward,+1-347-426-2277x25437,stokesdaniel@hotmail.com,"3441 Douglas Lights
New Davidburgh, LA 47195"
1340,Jared Butler,+1-658-597-8833x09888,kelsey40@hotmail.com,"69685 Garcia Mill Suite 982
Mccormickhaven, AR 27949"
1906,Margaret Gordon,984-764-5635x751,jerome88@hotmail.com,"Unit 0046 Box 4425
DPO AE 98502"
1611,Allison Singh,+1-377-469-0637,helen78@gmail.com,"4287 Heath Streets
Juliaborough, NH 49499"
1815,James Ortega,509-915-4928,julie14@gomez.biz,"762 Eric Trafficway
Mcclainfort, OK 76067"
1889,Curtis Herrera,+1-965-611-3532,michael18@brown.com,"986 Sanders Court
Justinview, IA 35076"
1346,Chris Andrade,001-886-888-0951x5871,michelle33@hotmail.com,"797 Kennedy Turnpike Apt. 005
Duranborough, TX 07172"
1621,David Wyatt,474.429.6725x624,morrisrachel@yahoo.com,"95141 James Estate Suite 335
Vanghaven, NV 27659"
1644,Amanda Zavala,+1-230-107-8950x55556,mdeleon@castillo.com,"278 Michelle Forges Apt. 402
Navarrotown, VT 94617"
1502,Robin Wilcox,(643)229-2357x631,zmorgan@yahoo.com,"0331 William Turnpike
Zimmermanhaven, NH 19957"
1193,Angela Williams,701.220.7958x63441,mathew22@yahoo.com,"9166 Hanson Mall Suite 380
Heatherview, DE 58170"
1513,Thomas Davis,840-867-8313x90316,josephkramer@moore.com,"72351 Kristen Shoal
Lake Christopherland, NH 02462"
1640,Samantha Davis,+1-759-771-7866,fergusondanielle@cook.com,"Unit 6391 Box 5360
DPO AP 20099"
1235,Kristy Brewer,+1-554-690-7082,brownrhonda@gmail.com,"273 Figueroa Hill
Herreramouth, OK 97147"
1651,Jennifer Baker,+1-754-845-8920,johnburns@yahoo.com,"02091 Armstrong Mount
Lake Christina, DE 31952"
1247,Gregory Lindsey,001-980-829-2275x0305,lowekim@gmail.com,"894 Moore Radial
Ronniestad, ND 03742"
1072,Jacqueline Suarez,+1-931-967-3827x0495,janet58@smith-morris.com,"27116 Evelyn Turnpike
Port Carolyn, TX 71841"
1573,Melvin Jones,(060)598-0137,gentryolivia@spears-mcconnell.org,"0399 Tracy Radial
Jenniferfurt, OH 20354"
1749,Victor Lindsey,001-331-109-6229x148,hhensley@crosby-lane.biz,"105 Schmitt Cliffs
Port Janet, VA 71826"
1049,Michael Reynolds,(319)331-5582,amanda32@hotmail.com,"162 Justin Estates Suite 462
South William, CA 41152"
1753,Corey Turner,0874612814,jordanreynolds@lopez.com,"USS Cook
FPO AE 10459"
1120,Latoya Wiggins,222.709.0917,hodgesjordan@hotmail.com,"31696 Travis Crossing Suite 956
Zavalaburgh, CA 42697"
1732,Kyle Drake,+1-284-100-7542x837,operez@jennings.com,"USNV Turner
FPO AA 15509"
1456,Nicholas Joseph,001-048-077-5897x1691,ucampbell@gmail.com,"4349 Atkins Court Suite 506
Marcstad, NV 09977"
1917,Maria Jones,825.214.5541x3759,victoriasanders@sanchez.org,"382 Spencer Hill
East Robert, KY 26908"
1033,Raymond Lawrence,(974)969-4477x22507,cmartinez@hotmail.com,"744 Woodward Landing
Port Jason, LA 24358"
1561,Sabrina Ingram,710-367-6442,jamespotter@hotmail.com,"Unit 9742 Box 4693
DPO AP 22577"
1320,Matthew Butler,784.135.0740x12465,michael17@johnson.biz,"16421 Cooper Greens Suite 565
Lake Lindafurt, TX 10334"
1986,Sarah Gross,663.330.5743x98145,smithbrittany@hotmail.com,"929 Carlson Stravenue
Emilyfort, MO 08320"
1468,Jacob Parker,335-944-9409x986,millernicholas@hardy.com,"0110 Denise Bridge Suite 805
Lake Jordan, IL 45977"
1942,Ryan Jones,057.344.9902x596,banksdana@graham.com,"87152 Mariah Rapids
Mcgeehaven, CT 96883"
1961,Matthew Wright,694-413-6282,christophershaw@davis-cruz.net,"21879 Hinton Throughway Suite 221
West Stephenside, PA 53931"
1027,Benjamin Hicks,898.481.5477x868,ryansantos@gmail.com,"376 Stephens Harbor
North Holly, OH 21492"
1636,Gina Johnson,(857)848-8781x16326,ryanbell@neal.com,"26197 Hicks Ports Apt. 006
Amberburgh, SD 11656"
1106,Eric Joyce,524-805-7508x0695,dmason@yahoo.com,"85141 David Landing Apt. 136
Port Matthew, ME 58944"
1675,James Lawson,054.825.3693x2676,dholmes@hotmail.com,"71793 Roberson Parks
Port Scottside, CA 48193"
1505,Michael Price,233.599.5148x9143,aguilarmarissa@yahoo.com,"184 Bean Motorway Suite 236
North Stacychester, NJ 86618"
1673,Ronald Rose MD,+1-363-844-2365x8914,hayesdebra@yahoo.com,"14699 Morales Bridge
Hensleytown, CO 08240"
1003,Veronica Garcia,172.447.6717,fernandezmatthew@parker.org,"66036 John Ports Suite 578
Port Anthonyton, WY 93542"
1046,Donald Cantu,198.900.4018x7904,heathergreen@gmail.com,"17052 Richard Village Apt. 125
Davidside, KY 85157"
1505,Jennifer Case,176-760-2066x360,sandra39@gmail.com,"41799 Pierce Inlet
Jacksonport, WY 58875"
1899,John Johnson,001-912-373-1483x650,donnaross@wilson-lee.com,"6408 Lopez Forks Suite 507
West Bradleybury, MO 23440"
1081,David Smith,+1-601-544-1781,mbuck@bird.info,"PSC 9614, Box 6955
APO AP 32571"
1016,Chelsey Johnson,(206)859-6245,gutierreztaylor@mullins.com,"583 Micheal Inlet
Tamaraton, UT 94853"
1687,Amy Miller,395-179-2251,daisyrivers@butler.com,"4779 Bridget Stravenue
East Alison, VT 36755"
1381,Heather Miller,507-176-7223x5324,melissapierce@yahoo.com,"3649 Kimberly Rapid Suite 864
North Jamieberg, NE 42563"
1740,Joseph Allen,(234)850-0199x31321,smithroberto@smith-rich.info,"7465 Adam Forks Apt. 396
Erinburgh, VA 68701"
1467,Mrs. Amber Neal,+1-710-899-7668,weavermary@bailey.biz,"USNS Wilkerson
FPO AE 83615"
1092,Jody Lee,4851713222,michellemiller@wright-reid.com,"810 Jackson Mission Suite 989
Zacharyport, AK 12170"
1175,Dr. Henry Miller,(358)887-2679x608,pbrady@martinez.com,"58740 Kristy Inlet Suite 120
West Patriciamouth, MO 96907"
1087,Thomas Flores,(447)718-3745,john47@hotmail.com,"94298 Garrett Port Apt. 261
North Juan, NV 13914"
1668,Tammy Gordon,001-657-769-8295x111,jenkinsjason@thompson.com,"92590 John Drives Apt. 600
Lake William, AR 39033"
1633,John Gonzalez,011.591.9864x9600,csmith@bean-ibarra.com,"290 Donna Ville
East Gary, NV 41126"
1092,Jeffrey Greer,062.963.8942,mmcbride@davis-massey.info,"167 Lewis Walks
North Christopher, DE 49240"
1964,Vanessa Johnson,001-032-965-8391x581,amandastewart@williamson.com,"5504 Ramos Gateway Apt. 418
South Sarahshire, DC 11304"
1853,Hunter Pruitt,+1-777-633-3057,leeteresa@yahoo.com,"43291 Lynch Land
New Shannon, TX 81385"
1298,Mark Fritz,001-922-074-4989x07938,ubaker@williams.net,"609 Jennifer Lane
West Melissa, NH 38798"
1329,Michael Vance,(791)449-6138x71491,mcarter@ross.info,"93461 Russell Spur
Crystalburgh, MO 42304"
1003,Elizabeth Larson,(069)837-7018x739,robert64@carlson.com,"197 Murphy Mills Apt. 013
Browntown, AZ 36144"
1211,Rhonda Frank,(280)401-2499,mward@yahoo.com,"923 Cherry Square Apt. 829
West Victoriafurt, MS 35634"
1837,Katherine Poole,(896)622-8040x9781,martinezrachel@yahoo.com,"5581 Jessica Springs Apt. 437
South Ashley, MS 64787"
1988,Shannon Montoya,0766764298,brianyates@gmail.com,"80223 Klein Overpass Suite 674
Port Ryanview, TX 25611"
1037,Craig Potts,001-721-958-2285x702,kimberlyburnett@hotmail.com,"8653 Joseph Track
Codyfurt, FL 79541"
1835,Mrs. Lindsay Lopez,552.907.2945x596,warrenmichelle@yahoo.com,"90066 Chris Landing Apt. 725
Lindseyfurt, UT 00604"
1162,Stephen Webster,+1-015-793-8451,aaron34@gmail.com,"PSC 6620, Box 6417
APO AE 57078"
1945,Katherine Delgado,+1-385-851-3394x197,aaron48@henderson-johnson.com,"0917 Howard Rapids Suite 568
Matthewtown, KS 04522"
1688,Leslie Smith,974.432.4411x884,edwardsbarry@johnson-anderson.org,"5345 Tim Junctions Suite 103
Mackenzieberg, NM 13331"
1944,Theresa Ross,+1-823-980-5300x087,fordkelly@nguyen.com,"419 Miller Rest
Coltonchester, MT 70968"
1919,Brandon Huffman,840.235.2995x771,michelebrown@yahoo.com,"181 Moody Branch Suite 029
Courtneyburgh, NC 56609"
1640,Denise Jennings,736-638-6320,lesliefriedman@hotmail.com,"0788 Hannah Fort Apt. 043
South Hollyside, IN 90421"
1314,Angela Harris,+1-570-165-7563x216,chambersnathan@weber.com,"1294 Jimenez Ranch
Lake Johnny, TN 06485"
1764,Danielle Ortiz,732.197.4474,brianwells@roberts.com,"PSC 8422, Box 9897
APO AA 82415"
1668,Eric Harris,256.019.4508,chriscrawford@sanders.com,"37352 Medina Stravenue
South Kennethview, LA 73619"
1661,Hannah Rodriguez,686.920.3721,staceybanks@johnston.com,"7606 Alvarado Fork
New Amanda, MN 57764"
1007,Lawrence Cox,350-005-7469x36617,joseph50@hotmail.com,"Unit 0173 Box 1620
DPO AE 07813"
1728,Carol Barron,209-450-3181,lisa48@ortega.com,"6264 Nunez Key
Lake Josephhaven, DE 04677"
1405,Aaron Barrera,892-912-4748,donovanlee@perez-jones.net,"89522 Lozano Lock Apt. 714
Kristyview, HI 23205"
1113,Jeff Brown,655.094.2182,hshea@wilson.com,"9619 Tiffany Trace
Madelineside, VT 85130"
1116,Leah Evans,568.705.4783x636,robertsonjames@gmail.com,"76675 Michael Wells
West Brandon, OR 35108"
1589,Joseph Marks,(719)709-2043,crystalhansen@taylor.com,"13584 Keller Rest
Bryanport, TX 44500"
1757,Jamie Alexander,243-004-2926x7087,dtucker@watson.net,"8628 Ian Fall Suite 913
Lake Michaelfurt, MN 97464"
1830,Mathew Lee,8765923422,harmstrong@allen.com,"USS Harvey
FPO AA 87541"
1063,Felicia Green,+1-847-427-0896x8183,stephanie51@sanders.com,"326 Rose Pike
Ryanside, NM 48369"
1906,Ricky Davis,001-824-853-8633x249,mendozajacob@henson-wilcox.com,"94784 Daniel Valleys Suite 562
Matthewstown, NM 64267"
1869,Kaylee Wheeler,(942)136-3361,deborah86@caldwell.com,"972 Mary Haven
East Donfort, AL 80964"
1221,James Hernandez,001-275-514-1937x94286,micheal66@yahoo.com,"USS Morrow
FPO AE 21821"
1655,James Edwards,908.579.1929x77198,hollytucker@mills.com,"48895 Christopher Crossroad
Brettmouth, CO 53610"
1402,Blake Murphy,124.199.8744,weeksedward@williams-sanders.biz,"2195 Stephens Plain Suite 958
Briannaport, MA 89450"
1580,Joseph Scott MD,(128)180-9434x9951,turnerdiamond@hotmail.com,"42902 Gail Freeway
West Bradtown, VT 35480"
1504,Teresa Powell,771-525-8561,johnbrennan@yahoo.com,"3507 Harold Park
Johnsonmouth, WY 89657"
1505,Jon Anderson,023-814-1983x8642,michael10@gmail.com,"PSC 0887, Box 5579
APO AE 48917"
1690,Paul Peters,580-727-8728,danielgarcia@summers-jones.com,"5685 Alicia Gardens Suite 296
Timothyfort, MN 69159"
1012,Jodi Morris,(431)472-2933,turnerclifford@gilmore.com,"65025 Susan Squares
Joshuaton, OH 88292"
1969,Elizabeth Rodgers,(885)155-8562x855,thorntonethan@yahoo.com,"522 Timothy Plaza Apt. 699
New Joseph, KS 68872"
1047,Kelly Holmes,685-055-6138,iyoung@yahoo.com,"2049 Galloway Forges Apt. 395
West Brandi, NJ 23366"
1550,Timothy Castillo,421-682-9204x60557,sarabaker@edwards-blair.com,"2680 Paul Field
Claymouth, VA 52918"
1951,Ebony Huynh,+1-448-471-6879x67938,ytaylor@hotmail.com,"345 Anderson Place
Marychester, AR 38220"
1294,Steven Benitez,001-973-620-5767,vanessa09@yahoo.com,"40449 Robert Spurs
Mcgeestad, TX 32411"
1914,Edward Ayers,674-259-3607x83156,steven64@graves.net,"1719 Brian Park Apt. 159
Kennedymouth, IN 93182"
1754,Michael Edwards,+1-726-710-6662,mark64@gibson-snow.com,"09675 Connie Centers Suite 471
Victoriaberg, ID 48079"
1074,Matthew Palmer,001-328-411-4521x20647,ychase@hotmail.com,"3087 Nancy Fork
Smithmouth, NY 28496"
1071,Michael Schmitt,152-666-5661x4049,ccastillo@gmail.com,"05758 Jon Tunnel Suite 661
Patriciachester, IN 96415"
1327,Lisa Cain,+1-209-155-8678x5354,kathybrock@neal.biz,"8443 Franco Wells Suite 802
Lake John, TX 74276"
1831,Christina Bennett,163-568-4631,delacruzsarah@gmail.com,"07593 Harrison Harbors
Port Michaelfurt, NY 50099"
1488,Joseph Thompson,6761584114,trevinocolleen@gmail.com,"00162 Kathy Camp
Frederickborough, IA 58109"
1487,Rebecca King,598-805-7063x740,hayleylara@hotmail.com,"8331 John Wells
Davismouth, WI 37543"
1694,David Riley,+1-134-299-8257,peggy11@johnson.com,"87147 Joseph Fords Suite 169
Loganshire, LA 36563"
1542,Mackenzie Morgan,7403745692,richardweber@hotmail.com,"Unit 0172 Box 0891
DPO AE 76840"
1287,Jesus Townsend,(425)264-7848,jason54@fuller.org,"76117 Medina Tunnel Suite 553
South Penny, AL 73031"
1544,Louis Hansen,001-028-973-5753,josephharris@green.com,"86364 Robert Overpass Suite 083
West Autumnside, MO 91614"
1956,Cynthia Thomas,309-486-3929x68958,andersonanna@yahoo.com,"5702 Marshall Forge
Nolanborough, MT 98910"
1690,Angela Young,001-132-779-3801x25955,kenneth99@gmail.com,"2638 Warren Islands
Williamview, CO 22601"
1412,Katelyn Murillo,(759)897-6432,hopkinsjames@hotmail.com,"6185 Perry Shoals
Port Melindaside, MD 94686"
1538,Sarah Brown,001-681-645-0697x255,christopher92@hotmail.com,"89319 Sandra Hollow
Wandachester, WI 37703"
1268,David Thompson,(128)768-2618,fsimpson@yahoo.com,"326 Paul Cape
Brianshire, FL 19556"
1839,Terry Olson,001-342-926-8828,ramosallison@yahoo.com,"USNS Smith
FPO AA 39448"
1145,Katrina Manning,322-809-8323,vbonilla@johnson.com,"926 Thomas Shoals Suite 880
Andersonshire, WV 32794"
1875,Steve Rogers,373.751.0419,xblair@bishop.biz,"4468 Autumn Parkway
Jillianview, NH 26987"
1326,Jeremy Crane,148.507.4860,michellegrant@hotmail.com,"04798 Burns Squares Suite 855
South Alexandrashire, UT 34418"
1541,Matthew Shaffer,(229)170-0148,craigjessica@yahoo.com,"612 Shelton Street Apt. 064
West Robertside, TX 31226"
1245,Christopher Smith,+1-306-524-5987,danielhiggins@wright.com,"9443 Duke Mission Apt. 654
Lisabury, CT 97715"
1558,Pamela Durham,565-218-5016x11273,jessicawilliams@hotmail.com,"42156 Troy Roads
Evansside, UT 18129"
1554,Wendy Williams,557-095-9137x579,alexandradixon@boyer.org,"3515 Bruce Ports
West Tonyhaven, OK 68510"
1187,Luke Jarvis,2935885697,juliecrawford@winters.net,"Unit 0486 Box 1084
DPO AA 93994"
1002,Sean Santiago,(680)276-8849,michaelthompson@mcintyre.com,"6986 Martin Dam
Olsontown, PA 76182"
1697,Aaron Mills,+1-508-193-0815x156,stacywu@gmail.com,"82928 Angela Throughway
Wandaville, NY 09493"
1866,Eric Higgins,(618)355-4158,ayaladorothy@gmail.com,"61925 Matthew Spurs Apt. 117
Villatown, OR 65393"
1325,Derek Little,044.216.4446,ericjohnson@gmail.com,"963 Brian Light Apt. 431
Port Miranda, WA 37777"
1239,Becky Daniel,(383)082-8872,joshuaburns@yahoo.com,"PSC 0084, Box 8184
APO AP 93119"
1088,Gary Fuller,081-655-5799,meyersdustin@browning.com,"38221 Tiffany Springs
Owensburgh, IL 92138"
1750,Ronald Howell,673.208.3358x0901,shannon59@lambert.org,"6390 Navarro Stravenue Apt. 980
Lawrencemouth, ME 87420"
1219,Eric Logan,+1-398-208-2316,cpatterson@perez.com,"7987 Ashley River Suite 729
New Theresaport, SD 48333"
1361,Tyler Duffy,(085)573-7016x7416,pearsondaniel@gmail.com,"8325 Graham Union Suite 743
Jameschester, NM 78294"
1050,Bryan Flores,670-235-6612,christianayers@gmail.com,"5105 Sloan Shoals Suite 600
East Tonifurt, MD 51461"
1971,Michael Reed,(875)864-5687,qpatrick@yahoo.com,"282 Lynch Ways
Lindamouth, RI 68526"
1832,Lauren Cook,168-620-4305x76618,stephanie92@gmail.com,"27040 Pierce Glen
Murraychester, LA 78889"
1147,Leslie West,(751)042-0871x0225,taylorgarcia@mckee-rose.org,"58848 Stephanie Creek Suite 396
Lindafurt, PA 10388"
1445,Robert Mccoy,246-285-6166x12466,amberwalton@gmail.com,"7736 Christopher Lakes Suite 275
East Alicia, SC 76856"
1755,Christopher Ortiz,134-201-7070,kathycrawford@bryan.biz,"205 Kenneth Motorway Suite 653
North Joseph, IN 62680"
1695,Darryl Barber,349-549-9722x597,lisaperry@hotmail.com,"PSC 3809, Box 4475
APO AE 66103"
1504,Mrs. Veronica Payne,+1-947-558-5172x574,vperez@shaw.org,"233 Robert Prairie
North Ryan, HI 94801"
1369,Savannah Smith,+1-047-522-6762x395,ronaldnelson@santos.com,"55706 Lisa Mills Apt. 190
South Kathleen, NH 21822"
1408,Jennifer Cervantes,(163)018-4156,smithclarence@yahoo.com,"942 Hamilton Crest
South Caitlinside, KS 09359"
1532,Leslie Martinez,6858567645,devon50@hotmail.com,"309 Carter Fall
Adrianashire, ID 77149"
1787,Beth Davis,545-866-7595,duncancourtney@hotmail.com,"PSC 5561, Box 8563
APO AE 07584"
1851,Tracy Bonilla,4266387995,michaelklein@moore.net,"90424 Carr Villages Apt. 647
Tashaberg, MD 87262"
1028,Donald Klein,001-573-407-1627x39420,robleswilliam@chandler.com,"86108 Watson Mountains Apt. 107
Hardyland, NV 25646"
1722,Nathan Williams,996.922.8263,perezbrenda@gmail.com,"589 Kelly Keys
Albertstad, CT 34623"
1100,Jeff Watkins,4487158617,feliciapowell@ballard.org,"06082 Anna Coves
Stevenview, CT 41719"
1764,John Cross,932.879.4066x163,jesusmason@yahoo.com,"36524 Schaefer Plains
Stephaniestad, SC 98769"
