Employee_ID,Employee_Name,Role,Branch
2735,Michael Pennington,Rental Agent,Chicago
2670,Gregory Hernandez,Cashier,Los Angeles
2020,Kristen Johnson,Manager,Chicago
2331,Nicole Washington,Cashier,Houston
2840,Michael Mccarthy,Manager,Miami
2675,Jody Johnson,Rental Agent,Chicago
2629,Ms. Megan Jimenez,Cashier,Los Angeles
2774,James Pearson,Manager,Houston
2874,Ricardo Dean,Rental Agent,New York
2531,Joseph Perez,Rental Agent,Houston
2038,Andrea Dillon,Manager,Chicago
2628,Mark Jones,Manager,Los Angeles
2301,Brianna Boyer,Cashier,Chicago
2163,Michael Fields,Manager,Chicago
2661,Lindsey Bryan,Manager,Chicago
2332,Max Hobbs,Rental Agent,Los Angeles
2924,Anthony Vega,Rental Agent,Houston
2058,Kaitlin Harris,Manager,New York
2753,Kimberly Chavez,Manager,Los Angeles
2506,Kimberly Ellis,Manager,Miami
2521,Kimberly Scott,Manager,Los Angeles
2535,Gregory Jones,Rental Agent,Chicago
2579,Ashley Hale,Cashier,Los Angeles
2554,John Jenkins,Rental Agent,Houston
2443,Martha Garrett,Rental Agent,Miami
2521,Sarah Patterson,Manager,Houston
2335,Sarah Rios,Rental Agent,Miami
2950,Gina Skinner,Manager,New York
2457,Katherine Mcgee,Manager,Houston
2466,Jasmine Ryan,Rental Agent,Miami
2741,Amy Jackson,Cashier,Los Angeles
2740,Brian Taylor,Rental Agent,Los Angeles
2352,Dale Carlson,Rental Agent,Miami
2918,Tyler Thompson,Manager,New York
2998,Marie Mccormick,Cashier,Miami
2445,Tiffany Wolfe,Cashier,New York
2907,Maria Pace MD,Cashier,Chicago
2304,Dalton Roth,Rental Agent,Houston
2225,Tanya Anderson,Manager,Miami
2284,Sandy Garza,Rental Agent,Houston
2699,Karen Bird,Manager,Miami
2735,Richard Ware,Manager,Miami
2412,Mark Davis,Manager,New York
2368,Daniel Alvarez,Manager,New York
2174,Brandon Sellers,Rental Agent,Houston
2107,Tracy Jones,Manager,Chicago
2171,Joan Cook,Cashier,Los Angeles
2427,Michael Smith,Rental Agent,New York
2551,Levi Meza,Manager,Chicago
2883,Kyle Douglas,Manager,Chicago
