Payment_ID,Rental_ID,Amount,Payment_Date,Payment_Method
1092C19D,5C8F036E,516.88,2025-01-24,Cash
AD7B362E,052D8E77,654.45,2025-02-26,Cash
C06D44E5,BB2A3B29,651.89,2024-12-05,Online
C3083071,0065990D,761.9,2025-01-18,Credit Card
7A84F236,64A96F7C,735.82,2025-03-12,Cash
E55D0A96,0A7905EB,609.14,2024-10-03,Debit Card
CA7B5E99,737F69DD,905.0,2024-09-22,Debit Card
B21B0740,06D64014,522.95,2025-02-16,Credit Card
F877C19C,13BF53B8,745.07,2025-03-14,Cash
ADAFE2A5,925AC712,908.59,2024-09-08,Debit Card
FE61B411,EEE4482F,895.78,2025-01-19,Credit Card
7A9A6508,8F33CD82,640.17,2025-03-15,Credit Card
2E0A47BA,CD55BDDA,371.32,2024-10-12,Credit Card
9E90679C,F5234C93,668.63,2025-01-13,Cash
3E3E0571,25107CE2,618.92,2025-03-17,Debit Card
C3F5032C,929CB314,855.86,2024-09-10,Credit Card
07039706,84B6A963,251.52,2025-02-20,Cash
DE578796,991CAA05,510.69,2024-05-10,Credit Card
34F3DF96,7332BE91,843.53,2025-03-09,Online
1964E1E2,A15F999E,609.44,2025-01-12,Debit Card
D06B22CC,FCD2AE6F,708.19,2025-01-08,Credit Card
D39279A1,DB6DFAB1,566.67,2024-12-22,Online
16C0EBEE,C8AB4032,623.02,2024-12-08,Online
6075396B,58F6A3D3,237.32,2025-02-07,Online
F3B1F0CC,E1DB5FA0,318.76,2024-12-13,Debit Card
FC4A49FE,CEC0E30B,742.36,2024-08-27,Debit Card
D93F9D04,9EA3F6D6,508.64,2025-02-04,Online
A75739BE,94B35D49,316.15,2025-01-20,Cash
6CA10795,C552E051,956.02,2024-12-17,Online
69D0B5BB,50E0ABCA,520.95,2025-03-15,Debit Card
20245AED,FE56E80D,480.14,2024-12-10,Online
D0036D9A,18A72B9D,761.04,2024-10-19,Debit Card
C7A67D50,FCA54B39,515.55,2024-12-06,Cash
92875B33,3113A400,842.51,2025-02-14,Debit Card
DD8058EC,4EAC19AB,55.11,2025-02-02,Online
35A3F232,CB235F52,422.81,2025-02-02,Debit Card
3CB029BE,A71C158B,427.61,2024-06-18,Online
EEE8F09A,DD7CDB35,515.18,2025-03-02,Credit Card
C3A224F1,296CCF90,420.31,2024-09-26,Credit Card
8A62E853,9A01BC9B,987.2,2024-10-12,Credit Card
1DEBA94E,8C6EC6F7,699.2,2025-01-12,Debit Card
884C980A,D3505BCC,116.87,2025-03-03,Online
1D289A7E,101B3035,563.53,2024-10-19,Cash
F06D28C3,CEAFF61C,121.02,2025-03-17,Debit Card
F14E234D,8A86EC01,565.56,2025-03-01,Online
3C99561D,E59F0EA3,480.15,2024-12-19,Debit Card
17E5C4BF,753BD47F,260.44,2024-05-11,Cash
1CBBE965,1DEE064F,182.65,2024-10-15,Credit Card
49ADBA58,2219B43D,165.34,2024-11-26,Credit Card
2DF1B53A,6AE8C4E5,793.06,2024-06-07,Online
CA5994F3,0FB3D5EF,292.56,2024-10-12,Online
D932AA2A,ADD01B47,864.0,2024-07-19,Cash
456508A4,EF183ADC,903.59,2025-02-13,Debit Card
292443B1,AA9D891B,790.12,2024-12-14,Debit Card
921017BE,E945EBFD,640.38,2024-12-31,Credit Card
58830E6A,C40417A1,345.67,2025-03-08,Online
655BA84B,A6CA13FB,618.98,2025-02-23,Online
F581657D,03B94848,912.58,2025-02-16,Online
B2D305A8,4FD64894,602.46,2024-09-20,Cash
CD8855ED,2E6E47FE,603.81,2024-06-06,Online
9813FE67,C142EB13,189.44,2024-11-19,Debit Card
AD4E36BF,3F1060C5,395.03,2024-12-05,Online
E6EDB919,C6172A68,217.64,2024-12-29,Credit Card
24DD35A8,A7FFAF60,890.72,2024-09-06,Credit Card
42130F6A,8E33481C,417.94,2024-12-16,Credit Card
4312C600,33AC23EB,455.95,2025-01-15,Cash
64DAA3CC,4576E537,950.94,2025-01-01,Online
12646EA5,DC1E432D,235.88,2024-12-01,Credit Card
F4CF90DE,ABB8165F,203.85,2024-10-17,Online
EBE43A65,6D7BE79D,858.09,2024-08-10,Credit Card
07BF1630,9573DF6F,759.12,2025-03-05,Debit Card
CAA4B403,9D897211,407.99,2024-06-30,Cash
7A287FF7,158F8623,977.18,2024-11-01,Cash
03B3958C,C249B5D7,922.18,2025-02-05,Online
5DD82848,410F0129,690.27,2025-03-02,Cash
FCE8B2A1,E9E7A5EA,443.63,2024-03-21,Online
AC471709,2A655FB7,602.07,2025-03-12,Credit Card
FB7F9595,F8E285FB,927.55,2025-03-10,Online
7C1BE48C,89C27934,184.29,2025-03-17,Cash
1C58EB9C,D8A6DDA9,336.37,2025-03-05,Debit Card
305C4114,6434F7BF,565.16,2025-02-26,Debit Card
2F332821,1A51D41E,309.11,2025-02-21,Cash
0B8B1DD4,E3928C7C,247.14,2024-09-11,Debit Card
4F870C46,0B69C278,153.86,2025-03-07,Debit Card
BCD9578C,49525518,213.55,2024-12-10,Cash
C8E17FD5,8964CC4F,189.03,2025-03-09,Cash
E4094F8C,CEFD38D8,886.4,2025-02-01,Cash
CDD7CD5A,CF18AD44,500.89,2025-01-13,Cash
4AB85898,B01B1C41,525.99,2025-02-08,Cash
3AB0579A,5E7BF06A,211.33,2024-09-14,Cash
2501A2AF,63B20E87,452.87,2025-02-22,Online
9D33F06C,576AB68F,298.25,2024-06-05,Cash
670D3A8C,FC297C53,298.47,2024-09-17,Cash
16C10FDD,AAEA2524,73.04,2024-11-21,Online
97CA743B,BE1C7566,938.42,2024-05-29,Online
AD8AE623,02E01A86,122.42,2024-11-27,Online
8F002C51,DEA5B1B6,279.24,2024-10-08,Cash
F50C8FCB,53610E2E,264.78,2025-01-21,Debit Card
13858A33,05549425,836.37,2025-01-05,Debit Card
338E7AB4,B5EC19A0,90.8,2025-03-11,Debit Card
FC141533,1622E056,600.09,2025-01-04,Online
0114E484,690DC8AD,554.86,2025-02-24,Debit Card
C091D8E4,B46E2C1C,671.71,2024-09-10,Cash
16250D1E,72EDC186,307.17,2024-11-02,Cash
1A65E6B7,924E43A3,98.22,2025-03-11,Credit Card
E3C06A97,FEFD9D99,82.64,2025-03-15,Cash
CA227A9D,347C6B82,321.28,2024-11-08,Cash
D8A5AE92,C3B08D52,452.75,2025-01-07,Online
6F54E333,F22B4608,255.82,2025-03-13,Credit Card
87E8E7B9,E5551FFD,955.82,2025-03-07,Cash
A2F86D34,FDDA9836,90.86,2024-07-10,Debit Card
649676AA,C837B7A0,253.09,2025-02-12,Cash
1CB9E3D2,A3522A14,485.05,2025-03-08,Online
F30D049A,78B2520F,547.75,2025-02-21,Debit Card
C16FE01C,FCC325EE,660.23,2024-12-31,Online
EB2C9EA2,D0F5E8FE,156.94,2025-03-05,Credit Card
443E788E,47D47BEB,53.1,2024-08-09,Debit Card
A0FC9A99,975EC8BD,568.51,2025-03-12,Debit Card
4DA20A36,08E35254,517.22,2025-03-17,Credit Card
827409C6,C1C707FF,74.04,2025-03-15,Credit Card
A2F4128F,6C371300,359.0,2025-01-23,Debit Card
2F61FC8A,223D65C9,289.69,2025-03-10,Debit Card
50538ECD,EEF0C370,81.79,2024-12-31,Credit Card
CD937D8B,AA796345,700.19,2025-01-14,Credit Card
443E68E2,8326DE18,922.5,2024-10-11,Credit Card
3E597F2F,A59AC2B5,772.5,2024-12-18,Credit Card
96A76651,3BF33898,791.58,2025-02-21,Online
C4730730,EBD1646B,467.49,2025-01-26,Cash
28741AC0,E836D966,820.59,2025-03-10,Online
6C8C144C,93B17BE3,924.52,2025-02-20,Credit Card
E71F1C45,4F3F3976,472.93,2024-09-27,Debit Card
886EFC5C,F8A54A6A,421.73,2025-01-26,Cash
060B946B,B52DCE65,887.39,2024-10-30,Online
C2C162C2,08598AF7,361.99,2025-03-07,Debit Card
A29F58AB,C8DA5FC2,173.13,2024-04-13,Online
4B397FDC,00DD8199,258.91,2025-01-04,Credit Card
E78CFEFA,ECC95E52,549.45,2025-03-17,Online
E7B37B70,824406F5,279.71,2024-10-03,Cash
D4CBA6C6,7BC26CB0,262.68,2024-11-25,Debit Card
039881C9,2EDD179C,102.88,2025-02-20,Cash
2586F52D,44E268E5,524.04,2025-03-13,Debit Card
CC8F8610,B3241E94,993.7,2025-02-10,Cash
A661E2EF,E773CAF5,850.14,2025-01-31,Online
6D7E04FF,AE56BBD8,876.45,2025-03-16,Debit Card
E6A67A45,ABC29AD4,89.18,2024-11-08,Debit Card
54627E6E,0ECACC00,722.42,2025-03-09,Debit Card
57BAE9DB,177668B9,905.52,2024-08-07,Cash
240FFC4C,C442CF70,273.63,2025-02-07,Debit Card
3FEEE386,2FA6593E,843.6,2024-05-13,Online
8EC54805,C5875F6B,85.98,2025-02-23,Credit Card
BF3D81F1,0FED4188,427.57,2025-03-05,Online
34D717EA,9B6E0BB4,338.21,2025-01-21,Cash
932A7544,E2398DCE,670.33,2024-10-24,Online
4E947F4F,409EA4C1,440.41,2025-03-03,Cash
4C4617A0,37BBADBF,919.27,2025-03-05,Cash
AA33E13D,135569AB,861.26,2024-12-25,Credit Card
E8AD5FBB,E2169DD6,314.5,2024-11-03,Online
B80B6163,7A617215,567.37,2025-02-15,Cash
742F3275,50CA78B9,88.47,2024-12-19,Cash
8D042FD1,23B7D59C,142.82,2025-01-19,Online
BEA27607,F40D841A,920.67,2025-02-04,Cash
5C709D4C,7254A6E8,689.57,2024-11-29,Credit Card
AE9630C2,1C7AFD68,93.19,2024-08-03,Debit Card
269F0B3A,7353A394,287.58,2025-01-20,Online
4C35FCDB,F5890708,977.61,2024-08-06,Online
A8F9A7AB,AC05E3A6,739.33,2024-12-13,Cash
64347318,04BD7D13,557.03,2024-09-14,Cash
9BAFCDFB,A2730E11,617.07,2025-02-17,Cash
2E8474D6,BFB87BD1,887.06,2025-01-11,Online
957D26AC,8E0BC5A0,200.7,2024-07-17,Cash
0C6D4038,517A4A64,198.23,2025-03-15,Credit Card
8B76C04D,8D9CA629,273.79,2025-01-27,Cash
864BF1FE,83167CDB,94.67,2024-12-14,Credit Card
BA24C715,CAE5009D,553.05,2025-03-08,Online
46D5DF0F,0AF7BBF5,980.12,2025-02-27,Credit Card
C74F8FAC,9D0EF19D,169.98,2025-03-01,Credit Card
ED87BFCF,6E4BACE5,682.57,2025-02-16,Online
82AB38A2,4E5F570C,962.94,2024-11-15,Credit Card
60BBD8B3,71B9E19D,834.36,2025-03-15,Debit Card
5CE42456,EB56A8EA,356.04,2025-02-05,Debit Card
74324E39,A555DD63,276.14,2024-10-28,Debit Card
9BDE2B6C,3D6AF304,731.92,2024-09-02,Online
5AB9C4A3,B9453EEA,389.88,2025-03-10,Online
46382C6A,6C388D91,987.0,2024-10-22,Credit Card
A4E8B6BE,D4248135,253.81,2024-11-23,Credit Card
FDC80964,62A9202C,934.6,2025-03-15,Credit Card
0F5989ED,4DCEEA5F,495.73,2024-08-25,Credit Card
008242CF,3BDE1D69,496.28,2025-01-08,Cash
7C6AFC8C,F76ACABF,330.99,2024-09-25,Online
709EFE49,E6ADA48A,597.05,2024-11-01,Online
A6B238F9,D45F3305,764.09,2025-03-09,Online
EC68E894,E4B0F834,350.71,2024-12-13,Cash
A2406CBA,5B104FF7,971.76,2024-10-16,Debit Card
DCE4513A,E063C2D9,412.58,2024-10-05,Credit Card
76DE9239,1BF41E4A,161.67,2024-10-22,Cash
3AD61415,21CE3A0A,961.36,2024-11-12,Cash
7B6AB1CF,0A9A0179,903.41,2024-12-24,Online
0B081A35,E0B1FBFD,637.16,2025-02-18,Online
4711B41C,3888D3AC,438.21,2024-07-27,Debit Card
793C1D03,0246D4E8,290.16,2025-02-14,Online
B1785ACE,7CC97F2C,896.14,2025-03-08,Debit Card
5D84131D,3031286B,577.11,2025-03-11,Credit Card
3C853532,77BA1F79,85.6,2025-03-03,Debit Card
F124661E,61F0BBD9,776.42,2024-08-15,Cash
28748E2C,1B4DC073,588.08,2025-03-03,Credit Card
68B5EB0B,8352CA8B,962.23,2025-01-16,Debit Card
9A21C97A,CD31A58D,880.87,2025-02-03,Online
7C004F89,1A40CE5A,379.14,2025-03-02,Cash
0E83407A,C51318E0,302.23,2025-03-03,Credit Card
2F51855B,071FECF5,831.43,2025-03-01,Online
DED4B48F,6F42BCCB,673.27,2025-01-08,Online
71FDD1DC,9120E5F7,738.11,2024-08-14,Debit Card
D9DE60D2,312AD2B5,521.76,2025-02-18,Credit Card
FADC78F7,56E57834,545.73,2025-03-02,Credit Card
C140FA81,307640DF,168.51,2024-12-01,Credit Card
0C813E7F,507EFE08,682.7,2024-11-06,Debit Card
DAF1BDBF,4CF89AE7,246.03,2024-08-27,Online
22241A5E,2E77F508,950.86,2025-02-12,Online
89934A3A,E90FCCCB,184.37,2024-11-07,Online
0B00A2E5,625A107C,499.41,2024-09-22,Debit Card
761589E7,DBBE574A,503.32,2024-06-26,Credit Card
A44E4363,887A1103,147.43,2025-02-14,Online
55D1FCAA,04053C72,943.64,2024-11-13,Online
A4CF5486,F5B97BDE,306.34,2024-06-08,Online
E8A9E96C,CC1651BA,136.32,2024-11-03,Credit Card
74324075,3BD62A98,83.95,2025-02-05,Debit Card
0ED5DB72,32419927,339.91,2025-01-10,Credit Card
05FF151E,F1EE9912,373.42,2025-02-10,Cash
0FBAF6B0,53DB3708,931.71,2024-11-02,Debit Card
4FB5BC74,40370A36,582.94,2024-10-22,Debit Card
09F3FDEA,185E942D,721.67,2025-01-29,Online
023A1273,4C31936C,304.66,2024-05-26,Debit Card
F3FDFE8B,DBF40138,349.11,2025-02-25,Credit Card
8E94E007,6A6EC676,630.63,2025-02-19,Debit Card
D68BBFD7,C766CC2F,225.25,2025-01-18,Online
B9AFE77B,A0413EFB,528.39,2024-10-15,Credit Card
A50A841D,F70B49E4,656.5,2025-02-22,Cash
A46B323D,07F6B0B8,455.93,2025-03-01,Online
9F987007,FDC422CB,777.5,2025-03-10,Online
AD832597,C9BE6E5B,614.56,2024-12-04,Credit Card
02D3087B,4035ADCF,403.42,2024-11-12,Online
FC08B84D,E419A74F,703.9,2025-02-06,Credit Card
1D5DBBEA,12F259D0,607.17,2024-09-05,Credit Card
01E2A096,D620AC31,488.01,2025-02-25,Debit Card
82E8FFFB,73BEAB3A,360.6,2024-11-20,Debit Card
395FD995,E2E4C6F5,390.64,2025-01-17,Cash
8F525103,9C7E92C4,218.98,2025-02-25,Cash
B55949E9,ED690D60,915.09,2025-02-11,Credit Card
7CD54408,C0B03284,815.96,2024-11-14,Cash
B2A4BD89,6B9E8D30,68.53,2024-06-23,Cash
1CB265EF,50D54BEC,130.74,2025-01-15,Online
439F4FAE,99189641,573.32,2025-03-03,Debit Card
B82F3788,81582155,292.54,2025-01-20,Online
F7A44A3E,6CE5C144,947.56,2024-09-23,Online
F6790B81,B0C9675D,903.26,2024-10-02,Online
171EDF36,E74B032E,486.43,2025-02-04,Credit Card
A38BE032,AFF21544,366.4,2024-07-04,Online
BED2AB9C,7C790B76,991.56,2024-05-06,Online
C75A1BD9,108B749E,992.34,2025-02-19,Cash
DB5FC670,38801560,971.39,2024-10-29,Cash
28E8810C,AD09D0CD,212.2,2024-11-28,Credit Card
C11CA9D2,72F01F95,121.12,2024-09-24,Credit Card
0E47A5B2,940CAE58,799.25,2025-01-11,Credit Card
0A13B957,774F5497,172.65,2024-11-13,Debit Card
1A93D336,E95686B5,915.65,2025-01-19,Debit Card
2B47808B,40540BF3,294.13,2024-10-14,Cash
9807E6C7,4577FBE0,156.34,2024-09-11,Cash
0C62BD0D,7FFED1A9,983.65,2024-12-25,Cash
6B0D86B6,B32AC229,454.27,2024-04-06,Online
1CF375D6,5F596849,183.99,2025-03-02,Credit Card
006EAD9E,6D5FBE14,234.77,2024-12-27,Credit Card
392C3449,2C686DC9,780.01,2025-01-28,Debit Card
EA07D614,F5743CEF,129.49,2025-02-28,Credit Card
E7DB7FA0,0CD09D72,969.85,2024-05-30,Online
34C90921,5C44C4E3,257.62,2024-12-26,Debit Card
66B433F9,E1430A39,839.4,2024-11-02,Credit Card
B678924E,5D24C28E,791.9,2024-12-30,Cash
120565F7,89E0ED01,507.01,2025-02-18,Cash
4065F59A,70E7E2EC,64.23,2025-03-09,Online
FA9711D1,8730B136,395.24,2025-03-09,Cash
5B5709E9,A36D1375,133.35,2024-12-31,Cash
261AAAE3,55BEE28F,456.35,2024-07-30,Cash
C315C083,F1F5E173,771.65,2024-08-13,Online
72E0A9E2,60520DC8,380.54,2025-03-15,Cash
B63AD5D7,8B716A4D,810.15,2025-03-03,Online
224E6128,96401199,379.31,2024-07-23,Credit Card
41095169,0DBE17AE,59.15,2025-03-17,Debit Card
D5F6E6DE,03E656F5,858.13,2024-09-03,Online
DDA184C7,4846A661,883.04,2024-10-11,Debit Card
DD87EBC9,76257BE9,173.43,2025-02-11,Credit Card
850D312E,A0CB4DEB,60.45,2024-10-12,Online
A2E81D7B,82B3D5FB,584.76,2024-10-17,Online
DE635098,BF35290A,326.01,2025-02-13,Online
3B89DD26,6E26E46E,64.22,2024-12-23,Credit Card
1F33419E,7396BE03,923.29,2025-02-23,Credit Card
D3D1DF9B,D760CC23,807.52,2024-11-07,Online
81B53735,AAA1796A,913.51,2024-06-22,Debit Card
212E04AB,377A88EB,891.37,2025-01-22,Credit Card
5E67AD99,C87E798E,170.89,2025-01-23,Credit Card
C67D9912,44D34CF2,552.69,2025-01-27,Online
